USE [QUANLYKHACHSAN]
GO
INSERT [dbo].[DmKHACHHANG] ([Ma], [HoTenKH], [DiaChi], [SDT], [Email], [GhiChu]) VALUES (N'KH001 ', N'Nguyễn Thị Vân Phượng', N'123 Nguyễn Văn Lượng, Phường 6, Quận Gò Vấp, Thành phố Hồ Chí Minh', N'0338384457', N'phuongnguyen.hcm@gmail.com', NULL)
GO
INSERT [dbo].[DmKHACHHANG] ([Ma], [HoTenKH], [DiaChi], [SDT], [Email], [GhiChu]) VALUES (N'KH002 ', N'Trần Nguyễn Phương Nguyên', N'131 Lê Văn Bảo, Phường 3, Quận Gò Vấp, Thành phố Hồ Chí Minh', N'0974847712', N'nguyentran123@gmail.com', NULL)
GO
INSERT [dbo].[DmKHACHHANG] ([Ma], [HoTenKH], [DiaChi], [SDT], [Email], [GhiChu]) VALUES (N'KH003 ', N'Nguyễn Hải Nam', N'223 Trần Quang Diệu, Phường 7, Phan Rang – Tháp Chàm, Tỉnh Ninh Thuận', N'0338384457', N'hainamNT@gmail.com', NULL)
GO
INSERT [dbo].[DmKHACHHANG] ([Ma], [HoTenKH], [DiaChi], [SDT], [Email], [GhiChu]) VALUES (N'KH004 ', N'Lê Văn Khang', N'40 Vạn Thành, Phường 5, Thành phố Đà Lạt, Tỉnh Lâm Đồng', N'0338384457', N'vankhang.192@gmail.com', NULL)
GO
INSERT [dbo].[DmKHACHHANG] ([Ma], [HoTenKH], [DiaChi], [SDT], [Email], [GhiChu]) VALUES (N'KH005 ', N'Nguyễn Hồng Anh', N'78 Cách Mạng Tháng Tám, Phường 1, Thành phố Quy Nhơn, Tỉnh Bình Định', N'0909123456', N'anhnguyen.qn@gmail.com', NULL)
GO
INSERT [dbo].[DmKHACHHANG] ([Ma], [HoTenKH], [DiaChi], [SDT], [Email], [GhiChu]) VALUES (N'KH006 ', N'Phạm Quang Huy', N'45 Nguyễn Thị Minh Khai, Phường 2, Thành phố Nha Trang, Tỉnh Khánh Hòa', N'0987654321', N'huypham.nt@gmail.com', NULL)
GO
INSERT [dbo].[DmKHACHHANG] ([Ma], [HoTenKH], [DiaChi], [SDT], [Email], [GhiChu]) VALUES (N'KH007 ', N'Ngô Thị Minh Trang', N'10 Lý Thường Kiệt, Phường 12, Thành phố Đà Nẵng', N'0974123456', N'trangngo.dn@gmail.com', NULL)
GO
INSERT [dbo].[DmKHACHHANG] ([Ma], [HoTenKH], [DiaChi], [SDT], [Email], [GhiChu]) VALUES (N'KH008 ', N'Bùi Thị Thu Hà', N'56 Võ Văn Kiệt, Phường 9, Thành phố Huế, Tỉnh Thừa Thiên Huế', N'0968123456', N'thubui.hue@gmail.com', NULL)
GO
INSERT [dbo].[DmKHACHHANG] ([Ma], [HoTenKH], [DiaChi], [SDT], [Email], [GhiChu]) VALUES (N'KH009 ', N'Lý Minh Quân', N'78 Hoàng Văn Thụ, Phường 2, Thành phố Cần Thơ', N'0957123456', N'quanly.ct@gmail.com', NULL)
GO
INSERT [dbo].[DmKHACHHANG] ([Ma], [HoTenKH], [DiaChi], [SDT], [Email], [GhiChu]) VALUES (N'KH010 ', N'Trịnh Thị Kim Ngân', N'92 Nguyễn Đình Chiểu, Phường 5, Thành phố Biên Hòa, Tỉnh Đồng Nai', N'0936123456', N'kimngan.trinh@gmail.com', NULL)
GO
INSERT [dbo].[DmKHACHHANG] ([Ma], [HoTenKH], [DiaChi], [SDT], [Email], [GhiChu]) VALUES (N'KH011 ', N'Nguyễn Văn Hùng', N'15 Lê Hồng Phong, Phường 10, Thành phố Vũng Tàu, Tỉnh Bà Rịa - Vũng Tàu', N'0912345671', N'hungnv.vt@gmail.com', NULL)
GO
INSERT [dbo].[DmKHACHHANG] ([Ma], [HoTenKH], [DiaChi], [SDT], [Email], [GhiChu]) VALUES (N'KH012 ', N'Phan Thị Mỹ Linh', N'20 Trần Phú, Phường 4, Thành phố Bảo Lộc, Tỉnh Lâm Đồng', N'0923456782', N'linhpt.bl@gmail.com', NULL)
GO
INSERT [dbo].[DmKHACHHANG] ([Ma], [HoTenKH], [DiaChi], [SDT], [Email], [GhiChu]) VALUES (N'KH013 ', N'Trần Hữu Nghĩa', N'12 Nguyễn Thái Học, Phường 3, Thành phố Mỹ Tho, Tỉnh Tiền Giang', N'0934567893', N'nghiath.mt@gmail.com', NULL)
GO
INSERT [dbo].[DmKHACHHANG] ([Ma], [HoTenKH], [DiaChi], [SDT], [Email], [GhiChu]) VALUES (N'KH014 ', N'Lê Minh Hải', N'42 Nguyễn Huệ, Phường 6, Thành phố Đông Hà, Tỉnh Quảng Trị', N'0945678914', N'hailm.qtri@gmail.com', NULL)
GO
INSERT [dbo].[DmKHACHHANG] ([Ma], [HoTenKH], [DiaChi], [SDT], [Email], [GhiChu]) VALUES (N'KH015 ', N'Đặng Thu Trang', N'19 Cách Mạng Tháng Tám, Phường 1, Thành phố Sóc Trăng', N'0956789125', N'trangdt.st@gmail.com', NULL)
GO
INSERT [dbo].[DmKHACHHANG] ([Ma], [HoTenKH], [DiaChi], [SDT], [Email], [GhiChu]) VALUES (N'KH016 ', N'Võ Thị Lan Anh', N'35 Hùng Vương, Phường 5, Thành phố Đà Lạt, Tỉnh Lâm Đồng', N'0967891236', N'anhvt.dl@gmail.com', NULL)
GO
INSERT [dbo].[DmKHACHHANG] ([Ma], [HoTenKH], [DiaChi], [SDT], [Email], [GhiChu]) VALUES (N'KH017 ', N'Phạm Anh Dũng', N'10 Phan Đình Phùng, Phường 9, Thành phố Huế, Tỉnh Thừa Thiên Huế', N'0978912347', N'dungpa.hue@gmail.com', NULL)
GO
INSERT [dbo].[DmKHACHHANG] ([Ma], [HoTenKH], [DiaChi], [SDT], [Email], [GhiChu]) VALUES (N'KH018 ', N'Ngô Văn Bình', N'55 Đinh Tiên Hoàng, Phường 7, Thành phố Hội An, Tỉnh Quảng Nam', N'0989123458', N'binhnv.qa@gmail.com', NULL)
GO
INSERT [dbo].[DmKHACHHANG] ([Ma], [HoTenKH], [DiaChi], [SDT], [Email], [GhiChu]) VALUES (N'KH019 ', N'Đỗ Thị Quỳnh Hoa', N'18 Trường Chinh, Phường 8, Thành phố Tam Kỳ, Tỉnh Quảng Nam', N'0991234569', N'hoa.dn@gmail.com', NULL)
GO
INSERT [dbo].[DmKHACHHANG] ([Ma], [HoTenKH], [DiaChi], [SDT], [Email], [GhiChu]) VALUES (N'KH020 ', N'Lý Văn Tùng', N'64 Võ Nguyên Giáp, Phường 3, Thành phố Pleiku, Tỉnh Gia Lai', N'0902345670', N'tunglv.gialai@gmail.com', NULL)
GO
INSERT [dbo].[DmKHACHHANG] ([Ma], [HoTenKH], [DiaChi], [SDT], [Email], [GhiChu]) VALUES (N'KH021 ', N'Phạm Minh Khôi', N'77 Lê Lợi, Phường 2, Thành phố Buôn Ma Thuột, Tỉnh Đắk Lắk', N'0913456781', N'khoipm.bmt@gmail.com', NULL)
GO
INSERT [dbo].[DmKHACHHANG] ([Ma], [HoTenKH], [DiaChi], [SDT], [Email], [GhiChu]) VALUES (N'KH022 ', N'Nguyễn Thanh Hương', N'30 Nguyễn Trãi, Phường 5, Thành phố Long Xuyên, Tỉnh An Giang', N'0924567892', N'huongnt.ag@gmail.com', NULL)
GO
INSERT [dbo].[DmKHACHHANG] ([Ma], [HoTenKH], [DiaChi], [SDT], [Email], [GhiChu]) VALUES (N'KH023 ', N'Lê Thị Kim Oanh', N'21 Lý Tự Trọng, Phường 9, Thành phố Rạch Giá, Tỉnh Kiên Giang', N'0935678913', N'oanhlk.kg@gmail.com', NULL)
GO
INSERT [dbo].[DmKHACHHANG] ([Ma], [HoTenKH], [DiaChi], [SDT], [Email], [GhiChu]) VALUES (N'KH024 ', N'Trần Văn Hữu', N'36 Điện Biên Phủ, Phường 7, Thành phố Cà Mau', N'0946789124', N'huutv.cm@gmail.com', NULL)
GO
INSERT [dbo].[DmKHACHHANG] ([Ma], [HoTenKH], [DiaChi], [SDT], [Email], [GhiChu]) VALUES (N'KH025 ', N'Nguyễn Văn Tâm', N'89 Nguyễn Đình Chiểu, Phường 4, Thành phố Thủ Dầu Một, Tỉnh Bình Dương', N'0957891235', N'tamnv.bd@gmail.com', NULL)
GO
INSERT [dbo].[DmKHACHHANG] ([Ma], [HoTenKH], [DiaChi], [SDT], [Email], [GhiChu]) VALUES (N'KH026 ', N'Trần Thị Thu Thảo', N'100 Nguyễn Văn Trỗi, Phường 11, Thành phố Vĩnh Long', N'0968912346', N'thaott.vl@gmail.com', NULL)
GO
INSERT [dbo].[DmKHACHHANG] ([Ma], [HoTenKH], [DiaChi], [SDT], [Email], [GhiChu]) VALUES (N'KH027 ', N'Lê Đăng Khoa', N'55 Hoàng Diệu, Phường 12, Thành phố Tây Ninh', N'0979123457', N'khoald.tn@gmail.com', NULL)
GO
INSERT [dbo].[DmKHACHHANG] ([Ma], [HoTenKH], [DiaChi], [SDT], [Email], [GhiChu]) VALUES (N'KH028 ', N'Bùi Hữu Tâm', N'22 Phan Châu Trinh, Phường 9, Thành phố Kon Tum', N'0981234568', N'tamhb.kt@gmail.com', NULL)
GO
INSERT [dbo].[DmKHACHHANG] ([Ma], [HoTenKH], [DiaChi], [SDT], [Email], [GhiChu]) VALUES (N'KH029 ', N'Nguyễn Hồng Sơn', N'15 Hùng Vương, Phường 1, Thành phố Tuyên Quang', N'0992345679', N'sonnh.tq@gmail.com', NULL)
GO
INSERT [dbo].[DmKHACHHANG] ([Ma], [HoTenKH], [DiaChi], [SDT], [Email], [GhiChu]) VALUES (N'KH030 ', N'Đinh Thị Lan', N'44 Cầu Giấy, Phường Nghĩa Tân, Thành phố Hà Nội', N'0903456780', N'landt.hn@gmail.com', NULL)
GO
INSERT [dbo].[DmPHONGBAN] ([Ma], [TenPhongBan], [GhiChu]) VALUES (N'PB001 ', N'Phòng Lễ tân', N'Đón tiếp khách, nhận phòng, trả phòng, giải quyết các yêu cầu của khách.')
GO
INSERT [dbo].[DmPHONGBAN] ([Ma], [TenPhongBan], [GhiChu]) VALUES (N'PB002 ', N'Buồng phòng', N'Quản lý việc dọn dẹp, vệ sinh phòng ốc.')
GO
INSERT [dbo].[DmPHONGBAN] ([Ma], [TenPhongBan], [GhiChu]) VALUES (N'PB003 ', N'Phòng Kinh doanh', N'Tìm kiếm khách hàng, triển khai các chương trình khuyến mãi, xây dựng mối quan hệ với đối tác.')
GO
INSERT [dbo].[DmPHONGBAN] ([Ma], [TenPhongBan], [GhiChu]) VALUES (N'PB004 ', N'Phòng Nhân sự', N'Thực hiện các công việc liên quan đến nhân sự như tuyển dụng, đào tạo, chấm công, tính lương.')
GO
INSERT [dbo].[DmPHONGBAN] ([Ma], [TenPhongBan], [GhiChu]) VALUES (N'PB005 ', N'Phòng Kỹ thuật', N'Bảo trì, sửa chữa các thiết bị, hệ thống điện nước, điều hòa...')
GO
INSERT [dbo].[DmPHONGBAN] ([Ma], [TenPhongBan], [GhiChu]) VALUES (N'PB006 ', N'Phòng Tài chính - Kế toán', N'Quản lý tài chính của khách sạn, lập báo cáo tài chính, thu chi.')
GO
INSERT [dbo].[DmPHONGBAN] ([Ma], [TenPhongBan], [GhiChu]) VALUES (N'PB007 ', N'Bộ phận Dịch vụ', N'Quản lý các dịch vụ bổ sung như spa, gym, hồ bơi, nhà hàng...')
GO
INSERT [dbo].[DmCHUCVU] ([Ma], [TenChucVu], [GhiChu]) VALUES (N'CV001 ', N'Giám đốc', NULL)
GO
INSERT [dbo].[DmCHUCVU] ([Ma], [TenChucVu], [GhiChu]) VALUES (N'CV002 ', N'Quản lý ', NULL)
GO
INSERT [dbo].[DmCHUCVU] ([Ma], [TenChucVu], [GhiChu]) VALUES (N'CV003 ', N'Nhân viên', NULL)
GO
INSERT [dbo].[DmNHANVIEN] ([Ma], [MaPhongBan], [MaChucVu], [HoTenNV], [GioiTinh], [NgaySinh], [SDT], [Email], [DiaChi]) VALUES (N'NV001 ', N'PB001 ', N'CV001 ', N'Nguyễn Minh Tuấn', N'Nam', CAST(N'1985-03-15T00:00:00.0000000' AS DateTime2), N'0912345678', N'minhtuan@gmail.com', N'Số 123, Đường Lê Lợi, Quận 1, TP.HCM')
GO
INSERT [dbo].[DmNHANVIEN] ([Ma], [MaPhongBan], [MaChucVu], [HoTenNV], [GioiTinh], [NgaySinh], [SDT], [Email], [DiaChi]) VALUES (N'NV002 ', N'PB002 ', N'CV002 ', N'Lê Thị Lan Anh', N'Nữ', CAST(N'1990-07-20T00:00:00.0000000' AS DateTime2), N'0923456789', N'lananh@gmail.com', N'Số 456, Đường Nguyễn Trãi, Quận 5, TP.HCM')
GO
INSERT [dbo].[DmNHANVIEN] ([Ma], [MaPhongBan], [MaChucVu], [HoTenNV], [GioiTinh], [NgaySinh], [SDT], [Email], [DiaChi]) VALUES (N'NV003 ', N'PB003 ', N'CV003 ', N'Phạm Quang Hiếu', N'Nam', CAST(N'1988-12-05T00:00:00.0000000' AS DateTime2), N'0934567890', N'hiieu@gmail.com', N'Số 789, Đường Nguyễn Huệ, Quận 1, TP.HCM')
GO
INSERT [dbo].[DmNHANVIEN] ([Ma], [MaPhongBan], [MaChucVu], [HoTenNV], [GioiTinh], [NgaySinh], [SDT], [Email], [DiaChi]) VALUES (N'NV004 ', N'PB004 ', N'CV003 ', N'Vũ Thị Bích Hạnh', N'Nữ', CAST(N'1992-11-30T00:00:00.0000000' AS DateTime2), N'0945678901', N'bichhanh@gmail.com', N'Số 101, Đường Cách Mạng Tháng 8, Quận 3, TP.HCM')
GO
INSERT [dbo].[DmNHANVIEN] ([Ma], [MaPhongBan], [MaChucVu], [HoTenNV], [GioiTinh], [NgaySinh], [SDT], [Email], [DiaChi]) VALUES (N'NV005 ', N'PB005 ', N'CV002 ', N'Nguyễn Thị Thanh Hương', N'Nữ', CAST(N'1987-05-10T00:00:00.0000000' AS DateTime2), N'0956789012', N'thanhhuong@gmail.com', N'Số 202, Đường Hai Bà Trưng, Quận 1, TP.HCM')
GO
INSERT [dbo].[DmNHANVIEN] ([Ma], [MaPhongBan], [MaChucVu], [HoTenNV], [GioiTinh], [NgaySinh], [SDT], [Email], [DiaChi]) VALUES (N'NV006 ', N'PB006 ', N'CV003 ', N'Hoàng Quốc Khánh', N'Nam', CAST(N'1991-09-18T00:00:00.0000000' AS DateTime2), N'0967890123', N'hoangkhanh@gmail.com', N'Số 303, Đường Nguyễn Ái Quốc, Quận 10, TP.HCM')
GO
INSERT [dbo].[DmNHANVIEN] ([Ma], [MaPhongBan], [MaChucVu], [HoTenNV], [GioiTinh], [NgaySinh], [SDT], [Email], [DiaChi]) VALUES (N'NV007 ', N'PB007 ', N'CV003 ', N'Phan Hải Minh', N'Nam', CAST(N'1986-04-22T00:00:00.0000000' AS DateTime2), N'0978901234', N'haiminh@gmail.com', N'Số 404, Đường Lý Thường Kiệt, Quận Tân Bình, TP.HCM')
GO
INSERT [dbo].[DmNHANVIEN] ([Ma], [MaPhongBan], [MaChucVu], [HoTenNV], [GioiTinh], [NgaySinh], [SDT], [Email], [DiaChi]) VALUES (N'NV008 ', N'PB007 ', N'CV003 ', N'Trần Thị Thuỳ Dương', N'Nữ', CAST(N'1993-06-15T00:00:00.0000000' AS DateTime2), N'0989012345', N'thuyduong@gmail.com', N'Số 505, Đường Phạm Hồng Thái, Quận 10, TP.HCM')
GO
INSERT [dbo].[DmNHANVIEN] ([Ma], [MaPhongBan], [MaChucVu], [HoTenNV], [GioiTinh], [NgaySinh], [SDT], [Email], [DiaChi]) VALUES (N'NV009 ', N'PB001 ', N'CV001 ', N'Nguyễn Thiên Kim', N'Nữ', CAST(N'1994-02-27T00:00:00.0000000' AS DateTime2), N'0990123456', N'thiendkim@gmail.com', N'Số 606, Đường Trần Hưng Đạo, Quận 5, TP.HCM')
GO
INSERT [dbo].[DmNHANVIEN] ([Ma], [MaPhongBan], [MaChucVu], [HoTenNV], [GioiTinh], [NgaySinh], [SDT], [Email], [DiaChi]) VALUES (N'NV010 ', N'PB005 ', N'CV002 ', N'Phạm Lê Quốc Duy', N'Nam', CAST(N'1992-08-19T00:00:00.0000000' AS DateTime2), N'0912233445', N'duyquoc@gmail.com', N'Số 707, Đường Lê Văn Sỹ, Quận 3, TP.HCM')
GO
INSERT [dbo].[DmNHANVIEN] ([Ma], [MaPhongBan], [MaChucVu], [HoTenNV], [GioiTinh], [NgaySinh], [SDT], [Email], [DiaChi]) VALUES (N'NV011 ', N'PB003 ', N'CV001 ', N'Trần Đình Minh Hòa', N'Nam', CAST(N'1989-10-01T00:00:00.0000000' AS DateTime2), N'0922344556', N'minhhoa@gmail.com', N'Số 808, Đường Võ Thị Sáu, Quận 1, TP.HCM')
GO
INSERT [dbo].[DmNHANVIEN] ([Ma], [MaPhongBan], [MaChucVu], [HoTenNV], [GioiTinh], [NgaySinh], [SDT], [Email], [DiaChi]) VALUES (N'NV012 ', N'PB007 ', N'CV003 ', N'Vũ Thái Anh', N'Nam', CAST(N'1990-03-11T00:00:00.0000000' AS DateTime2), N'0933445667', N'thaianh@gmail.com', N'Số 909, Đường Tôn Đức Thắng, Quận 1, TP.HCM')
GO
INSERT [dbo].[DmNHANVIEN] ([Ma], [MaPhongBan], [MaChucVu], [HoTenNV], [GioiTinh], [NgaySinh], [SDT], [Email], [DiaChi]) VALUES (N'NV013 ', N'PB002 ', N'CV003 ', N'Nguyễn Đăng Hậu', N'Nam', CAST(N'1987-07-30T00:00:00.0000000' AS DateTime2), N'0944556778', N'danghau@gmail.com', N'Số 1010, Đường Trường Chinh, Quận Tân Bình, TP.HCM')
GO
INSERT [dbo].[DmNHANVIEN] ([Ma], [MaPhongBan], [MaChucVu], [HoTenNV], [GioiTinh], [NgaySinh], [SDT], [Email], [DiaChi]) VALUES (N'NV014 ', N'PB006 ', N'CV003 ', N'Phan Kim Ngọc', N'Nữ', CAST(N'1991-04-10T00:00:00.0000000' AS DateTime2), N'0955667889', N'kimngoc@gmail.com', N'Số 1111, Đường Cộng Hòa, Quận Tân Bình, TP.HCM')
GO
INSERT [dbo].[DmNHANVIEN] ([Ma], [MaPhongBan], [MaChucVu], [HoTenNV], [GioiTinh], [NgaySinh], [SDT], [Email], [DiaChi]) VALUES (N'NV015 ', N'PB004 ', N'CV002 ', N'Lê Thị Kim Nhung', N'Nữ', CAST(N'1995-01-22T00:00:00.0000000' AS DateTime2), N'0966778990', N'kimnhung@gmail.com', N'Số 1212, Đường Trần Quang Khải, Quận 1, TP.HCM')
GO
INSERT [dbo].[DmNHANVIEN] ([Ma], [MaPhongBan], [MaChucVu], [HoTenNV], [GioiTinh], [NgaySinh], [SDT], [Email], [DiaChi]) VALUES (N'NV016 ', N'PB001 ', N'CV003 ', N'Nguyễn Thị Thu Hiền', N'Nữ', CAST(N'1985-09-23T00:00:00.0000000' AS DateTime2), N'0976778899', N'thuhien@gmail.com', N'Số 1313, Đường Nguyễn Văn Cừ, Quận 5, TP.HCM')
GO
INSERT [dbo].[DmNHANVIEN] ([Ma], [MaPhongBan], [MaChucVu], [HoTenNV], [GioiTinh], [NgaySinh], [SDT], [Email], [DiaChi]) VALUES (N'NV017 ', N'PB002 ', N'CV002 ', N'Phan Thị Thúy Quỳnh', N'Nữ', CAST(N'1990-11-15T00:00:00.0000000' AS DateTime2), N'0912233445', N'thuyquynh@gmail.com', N'Số 1414, Đường Hòa Hưng, Quận 10, TP.HCM')
GO
INSERT [dbo].[DmNHANVIEN] ([Ma], [MaPhongBan], [MaChucVu], [HoTenNV], [GioiTinh], [NgaySinh], [SDT], [Email], [DiaChi]) VALUES (N'NV018 ', N'PB003 ', N'CV003 ', N'Hoàng Phương Nam', N'Nam', CAST(N'1988-02-18T00:00:00.0000000' AS DateTime2), N'0922333445', N'phuongnam@gmail.com', N'Số 1515, Đường Bà Huyện Thanh Quan, Quận 3, TP.HCM')
GO
INSERT [dbo].[DmNHANVIEN] ([Ma], [MaPhongBan], [MaChucVu], [HoTenNV], [GioiTinh], [NgaySinh], [SDT], [Email], [DiaChi]) VALUES (N'NV019 ', N'PB004 ', N'CV001 ', N'Trần Lê Hoàng Lan', N'Nữ', CAST(N'1994-06-07T00:00:00.0000000' AS DateTime2), N'0933444555', N'hoanglan@gmail.com', N'Số 1616, Đường Nguyễn Thái Học, Quận 1, TP.HCM')
GO
INSERT [dbo].[DmNHANVIEN] ([Ma], [MaPhongBan], [MaChucVu], [HoTenNV], [GioiTinh], [NgaySinh], [SDT], [Email], [DiaChi]) VALUES (N'NV020 ', N'PB005 ', N'CV002 ', N'Nguyễn Kim Vũ', N'Nam', CAST(N'1991-04-25T00:00:00.0000000' AS DateTime2), N'0944556677', N'kimvu@gmail.com', N'Số 1717, Đường Nguyễn Trãi, Quận 5, TP.HCM')
GO
INSERT [dbo].[DmNHANVIEN] ([Ma], [MaPhongBan], [MaChucVu], [HoTenNV], [GioiTinh], [NgaySinh], [SDT], [Email], [DiaChi]) VALUES (N'NV021 ', N'PB001 ', N'CV003 ', N'Trần Thi Mai', N'Nữ', CAST(N'1995-05-10T00:00:00.0000000' AS DateTime2), N'0912345678', N'maitran@gmail.com', N'Số 1818, Đường Lê Lai, Quận 1, TP.HCM')
GO
INSERT [dbo].[DmNHANVIEN] ([Ma], [MaPhongBan], [MaChucVu], [HoTenNV], [GioiTinh], [NgaySinh], [SDT], [Email], [DiaChi]) VALUES (N'NV022 ', N'PB001 ', N'CV002 ', N'Võ Huyền Bích Ngọc', N'Nữ', CAST(N'2003-10-18T00:00:00.0000000' AS DateTime2), N'0338384425', N'bng7923@gmail.com', N'Q.Gò Vấp, Tp. Hồ Chí Minh')
GO
INSERT [dbo].[DmHOADON] ([Ma], [MaKhachHang], [MaNhanVien], [NgayLap], [GhiChu]) VALUES (N'HD001 ', N'KH001 ', N'NV001 ', CAST(N'2024-01-15T00:00:00.0000000' AS DateTime2), NULL)
GO
INSERT [dbo].[DmHOADON] ([Ma], [MaKhachHang], [MaNhanVien], [NgayLap], [GhiChu]) VALUES (N'HD002 ', N'KH003 ', N'NV002 ', CAST(N'2024-02-10T00:00:00.0000000' AS DateTime2), NULL)
GO
INSERT [dbo].[DmHOADON] ([Ma], [MaKhachHang], [MaNhanVien], [NgayLap], [GhiChu]) VALUES (N'HD003 ', N'KH004 ', N'NV003 ', CAST(N'2024-03-25T00:00:00.0000000' AS DateTime2), NULL)
GO
INSERT [dbo].[DmHOADON] ([Ma], [MaKhachHang], [MaNhanVien], [NgayLap], [GhiChu]) VALUES (N'HD004 ', N'KH005 ', N'NV004 ', CAST(N'2024-04-05T00:00:00.0000000' AS DateTime2), NULL)
GO
INSERT [dbo].[DmHOADON] ([Ma], [MaKhachHang], [MaNhanVien], [NgayLap], [GhiChu]) VALUES (N'HD005 ', N'KH006 ', N'NV005 ', CAST(N'2024-06-20T00:00:00.0000000' AS DateTime2), NULL)
GO
INSERT [dbo].[DmLOAIDOANHTHU] ([Ma], [TenLoaiDT], [GhiChu]) VALUES (N'DT001 ', N'Doanh Thu Từ Phòng', N'Doanh thu từ các dịch vụ phòng, bao gồm việc cho thuê phòng khách sạn.')
GO
INSERT [dbo].[DmLOAIDOANHTHU] ([Ma], [TenLoaiDT], [GhiChu]) VALUES (N'DT002 ', N'Doanh Thu Từ Tiện Ích', N'Doanh thu từ các tiện ích bổ sung như spa, phòng gym, bể bơi, nhà hàng.')
GO
INSERT [dbo].[DmDOANHTHU] ([Ma], [MaLoaiDoanhThu], [MaHoaDon], [NgayGhiNhan], [GhiChu]) VALUES (N'001   ', N'DT001 ', N'HD001 ', CAST(N'2024-01-15T00:00:00.0000000' AS DateTime2), NULL)
GO
INSERT [dbo].[DmDOANHTHU] ([Ma], [MaLoaiDoanhThu], [MaHoaDon], [NgayGhiNhan], [GhiChu]) VALUES (N'001   ', N'DT002 ', N'HD001 ', CAST(N'2024-01-15T00:00:00.0000000' AS DateTime2), NULL)
GO
INSERT [dbo].[DmDOANHTHU] ([Ma], [MaLoaiDoanhThu], [MaHoaDon], [NgayGhiNhan], [GhiChu]) VALUES (N'002   ', N'DT001 ', N'HD002 ', CAST(N'2024-02-10T00:00:00.0000000' AS DateTime2), NULL)
GO
INSERT [dbo].[DmDOANHTHU] ([Ma], [MaLoaiDoanhThu], [MaHoaDon], [NgayGhiNhan], [GhiChu]) VALUES (N'002   ', N'DT002 ', N'HD002 ', CAST(N'2024-02-10T00:00:00.0000000' AS DateTime2), NULL)
GO
INSERT [dbo].[DmDOANHTHU] ([Ma], [MaLoaiDoanhThu], [MaHoaDon], [NgayGhiNhan], [GhiChu]) VALUES (N'003   ', N'DT001 ', N'HD003 ', CAST(N'2024-03-25T00:00:00.0000000' AS DateTime2), NULL)
GO
INSERT [dbo].[DmDOANHTHU] ([Ma], [MaLoaiDoanhThu], [MaHoaDon], [NgayGhiNhan], [GhiChu]) VALUES (N'003   ', N'DT002 ', N'HD003 ', CAST(N'2024-03-06T00:00:00.0000000' AS DateTime2), NULL)
GO
INSERT [dbo].[DmDOANHTHU] ([Ma], [MaLoaiDoanhThu], [MaHoaDon], [NgayGhiNhan], [GhiChu]) VALUES (N'004   ', N'DT001 ', N'HD004 ', CAST(N'2024-04-05T00:00:00.0000000' AS DateTime2), NULL)
GO
INSERT [dbo].[DmDOANHTHU] ([Ma], [MaLoaiDoanhThu], [MaHoaDon], [NgayGhiNhan], [GhiChu]) VALUES (N'004   ', N'DT002 ', N'HD004 ', CAST(N'2024-04-11T00:00:00.0000000' AS DateTime2), NULL)
GO
INSERT [dbo].[DmDOANHTHU] ([Ma], [MaLoaiDoanhThu], [MaHoaDon], [NgayGhiNhan], [GhiChu]) VALUES (N'005   ', N'DT001 ', N'HD005 ', CAST(N'2024-05-20T00:00:00.0000000' AS DateTime2), NULL)
GO
INSERT [dbo].[DmDOANHTHU] ([Ma], [MaLoaiDoanhThu], [MaHoaDon], [NgayGhiNhan], [GhiChu]) VALUES (N'005   ', N'DT002 ', N'HD005 ', CAST(N'2024-05-16T00:00:00.0000000' AS DateTime2), NULL)
GO
INSERT [dbo].[DmLOAIPHONG] ([Ma], [TenLoaiPhong], [GhiChu]) VALUES (N'LP001 ', N'Deluxe Double', NULL)
GO
INSERT [dbo].[DmLOAIPHONG] ([Ma], [TenLoaiPhong], [GhiChu]) VALUES (N'LP002 ', N'Deluxe Twin', NULL)
GO
INSERT [dbo].[DmLOAIPHONG] ([Ma], [TenLoaiPhong], [GhiChu]) VALUES (N'LP003 ', N'Deluxe Triple', NULL)
GO
INSERT [dbo].[DmLOAIPHONG] ([Ma], [TenLoaiPhong], [GhiChu]) VALUES (N'LP004 ', N'Deluxe Family', NULL)
GO
INSERT [dbo].[DmLOAIPHONG] ([Ma], [TenLoaiPhong], [GhiChu]) VALUES (N'LP005 ', N'Executive Suite', NULL)
GO
INSERT [dbo].[DmLOAIPHONG] ([Ma], [TenLoaiPhong], [GhiChu]) VALUES (N'LP006 ', N'Garden Grand Suite', NULL)
GO
INSERT [dbo].[DmLOAIPHONG] ([Ma], [TenLoaiPhong], [GhiChu]) VALUES (N'LP007 ', N'Luxury Grand Suite', NULL)
GO
INSERT [dbo].[DmLOAIPHONG] ([Ma], [TenLoaiPhong], [GhiChu]) VALUES (N'LP008 ', N'President Suite', NULL)
GO
INSERT [dbo].[DmLOAIPHONG] ([Ma], [TenLoaiPhong], [GhiChu]) VALUES (N'LP009 ', N'NGOC', N'')
GO
INSERT [dbo].[DmPHONG] ([Ma], [MaLoaiPhong], [TenPhong], [TinhTrang], [GhiChu]) VALUES (N'PH001 ', N'LP001 ', N'Phòng 101', N'Trống', NULL)
GO
INSERT [dbo].[DmPHONG] ([Ma], [MaLoaiPhong], [TenPhong], [TinhTrang], [GhiChu]) VALUES (N'PH002 ', N'LP001 ', N'Phòng 102', N'Đã đặt', NULL)
GO
INSERT [dbo].[DmPHONG] ([Ma], [MaLoaiPhong], [TenPhong], [TinhTrang], [GhiChu]) VALUES (N'PH003 ', N'LP002 ', N'Phòng 201', N'Bảo trì', NULL)
GO
INSERT [dbo].[DmPHONG] ([Ma], [MaLoaiPhong], [TenPhong], [TinhTrang], [GhiChu]) VALUES (N'PH004 ', N'LP002 ', N'Phòng 202', N'Trống', NULL)
GO
INSERT [dbo].[DmPHONG] ([Ma], [MaLoaiPhong], [TenPhong], [TinhTrang], [GhiChu]) VALUES (N'PH005 ', N'LP003 ', N'Phòng 301', N'Đã đặt', NULL)
GO
INSERT [dbo].[DmPHONG] ([Ma], [MaLoaiPhong], [TenPhong], [TinhTrang], [GhiChu]) VALUES (N'PH006 ', N'LP003 ', N'Phòng 302', N'Trống', NULL)
GO
INSERT [dbo].[DmPHONG] ([Ma], [MaLoaiPhong], [TenPhong], [TinhTrang], [GhiChu]) VALUES (N'PH007 ', N'LP004 ', N'Phòng 401', N'Bảo trì', NULL)
GO
INSERT [dbo].[DmPHONG] ([Ma], [MaLoaiPhong], [TenPhong], [TinhTrang], [GhiChu]) VALUES (N'PH008 ', N'LP004 ', N'Phòng 402', N'Trống', NULL)
GO
INSERT [dbo].[DmPHONG] ([Ma], [MaLoaiPhong], [TenPhong], [TinhTrang], [GhiChu]) VALUES (N'PH009 ', N'LP005 ', N'Phòng 501', N'Đã đặt', NULL)
GO
INSERT [dbo].[DmPHONG] ([Ma], [MaLoaiPhong], [TenPhong], [TinhTrang], [GhiChu]) VALUES (N'PH010 ', N'LP005 ', N'Phòng 502', N'Trống', NULL)
GO
INSERT [dbo].[DmPHONG] ([Ma], [MaLoaiPhong], [TenPhong], [TinhTrang], [GhiChu]) VALUES (N'PH011 ', N'LP006 ', N'Phòng 601', N'Bảo trì', NULL)
GO
INSERT [dbo].[DmPHONG] ([Ma], [MaLoaiPhong], [TenPhong], [TinhTrang], [GhiChu]) VALUES (N'PH012 ', N'LP006 ', N'Phòng 602', N'Trống', NULL)
GO
INSERT [dbo].[DmPHONG] ([Ma], [MaLoaiPhong], [TenPhong], [TinhTrang], [GhiChu]) VALUES (N'PH013 ', N'LP007 ', N'Phòng 701', N'Trống', NULL)
GO
INSERT [dbo].[DmPHONG] ([Ma], [MaLoaiPhong], [TenPhong], [TinhTrang], [GhiChu]) VALUES (N'PH014 ', N'LP007 ', N'Phòng 702', N'Đã đặt', NULL)
GO
INSERT [dbo].[DmPHONG] ([Ma], [MaLoaiPhong], [TenPhong], [TinhTrang], [GhiChu]) VALUES (N'PH015 ', N'LP008 ', N'Phòng 801', N'Bảo trì', NULL)
GO
INSERT [dbo].[DmPHONG] ([Ma], [MaLoaiPhong], [TenPhong], [TinhTrang], [GhiChu]) VALUES (N'PH016 ', N'LP008 ', N'Phòng 802', N'Trống', NULL)
GO
INSERT [dbo].[DmPHONG] ([Ma], [MaLoaiPhong], [TenPhong], [TinhTrang], [GhiChu]) VALUES (N'PH017 ', N'LP001 ', N'Phòng 103', N'Trống', NULL)
GO
INSERT [dbo].[DmPHONG] ([Ma], [MaLoaiPhong], [TenPhong], [TinhTrang], [GhiChu]) VALUES (N'PH018 ', N'LP002 ', N'Phòng 203', N'Đã đặt', NULL)
GO
INSERT [dbo].[DmPHONG] ([Ma], [MaLoaiPhong], [TenPhong], [TinhTrang], [GhiChu]) VALUES (N'PH019 ', N'LP003 ', N'Phòng 303', N'Bảo trì', NULL)
GO
INSERT [dbo].[DmPHONG] ([Ma], [MaLoaiPhong], [TenPhong], [TinhTrang], [GhiChu]) VALUES (N'PH020 ', N'LP004 ', N'Phòng 403', N'Trống', NULL)
GO
INSERT [dbo].[DmNHACUNGCAP] ([Ma], [TenNhaCungCap], [DiaChi], [SDT], [GhiChu]) VALUES (N'NCC001', N'Thiết Bị Điện Tử Toàn Cầu', N'89 Bến Thành, TP.HCM', N'0967890123', N'Cung cấp thiết bị điện tử cho doanh nghiệp và cá nhân')
GO
INSERT [dbo].[DmNHACUNGCAP] ([Ma], [TenNhaCungCap], [DiaChi], [SDT], [GhiChu]) VALUES (N'NCC002', N'Công Ty Thực Phẩm Tech', N'56 Nguyễn Văn Cừ, Hải Phòng', N'0978901234', N'Sản xuất và phân phối thực phẩm chế biến sẵn')
GO
INSERT [dbo].[DmNHACUNGCAP] ([Ma], [TenNhaCungCap], [DiaChi], [SDT], [GhiChu]) VALUES (N'NCC003', N'Vật Tư Mỹ Thuật', N'23 Lê Lợi, Bình Dương', N'0989012345', N'Cung cấp nguyên vật liệu vẽ và dụng cụ mỹ thuật')
GO
INSERT [dbo].[DmNHACUNGCAP] ([Ma], [TenNhaCungCap], [DiaChi], [SDT], [GhiChu]) VALUES (N'NCC004', N'Năng Lượng Mặt Trời Việt', N'10 Lý Tự Trọng, Quảng Ninh', N'0990123456', N'Cung cấp và lắp đặt hệ thống năng lượng mặt trời')
GO
INSERT [dbo].[DmNHACUNGCAP] ([Ma], [TenNhaCungCap], [DiaChi], [SDT], [GhiChu]) VALUES (N'NCC005', N'Kết Nối Di Động', N'11 Hồng Bàng, Vũng Tàu', N'0912233445', N'Cung cấp thiết bị di động và phụ kiện')
GO
INSERT [dbo].[DmNHACUNGCAP] ([Ma], [TenNhaCungCap], [DiaChi], [SDT], [GhiChu]) VALUES (N'NCC006', N'Công Nghệ Xanh', N'78 Võ Thị Sáu, Bạc Liêu', N'0922344556', N'Cung cấp công nghệ bảo vệ môi trường và tái chế rác thải')
GO
INSERT [dbo].[DmNHACUNGCAP] ([Ma], [TenNhaCungCap], [DiaChi], [SDT], [GhiChu]) VALUES (N'NCC007', N'Công Ty Thực Phẩm Tech', N'56 Nguyễn Văn Cừ, Hải Phòng', N'0978901234', N'Sản xuất và phân phối thực phẩm chế biến sẵn')
GO
INSERT [dbo].[DmNHACUNGCAP] ([Ma], [TenNhaCungCap], [DiaChi], [SDT], [GhiChu]) VALUES (N'NCC008', N'Vật Tư Mỹ Thuật', N'23 Lê Lợi, Bình Dương', N'0989012345', N'Cung cấp nguyên vật liệu vẽ và dụng cụ mỹ thuật')
GO
INSERT [dbo].[DmNHACUNGCAP] ([Ma], [TenNhaCungCap], [DiaChi], [SDT], [GhiChu]) VALUES (N'NCC009', N'Năng Lượng Mặt Trời Việt', N'10 Lý Tự Trọng, Quảng Ninh', N'0990123456', N'Cung cấp và lắp đặt hệ thống năng lượng mặt trời')
GO
INSERT [dbo].[DmNHACUNGCAP] ([Ma], [TenNhaCungCap], [DiaChi], [SDT], [GhiChu]) VALUES (N'NCC010', N'Kết Nối Di Động', N'11 Hồng Bàng, Vũng Tàu', N'0912233445', N'Cung cấp thiết bị di động và phụ kiện')
GO
INSERT [dbo].[DmNHACUNGCAP] ([Ma], [TenNhaCungCap], [DiaChi], [SDT], [GhiChu]) VALUES (N'NCC011', N'Công Nghệ Xanh', N'78 Võ Thị Sáu, Bạc Liêu', N'0922344556', N'Cung cấp công nghệ bảo vệ môi trường và tái chế rác thải')
GO
INSERT [dbo].[DmNHACUNGCAP] ([Ma], [TenNhaCungCap], [DiaChi], [SDT], [GhiChu]) VALUES (N'NCC012', N'Thế Giới Nội Thất', N'34 Tôn Thất Thuyết, Đà Nẵng', N'0933445667', N'Cung cấp đồ nội thất cao cấp cho văn phòng và gia đình')
GO
INSERT [dbo].[DmNHACUNGCAP] ([Ma], [TenNhaCungCap], [DiaChi], [SDT], [GhiChu]) VALUES (N'NCC013', N'Thiết Bị Y Tế Việt Nam', N'9 Nguyễn Tri Phương, Bình Phước', N'0944556778', N'Cung cấp thiết bị y tế, máy móc chăm sóc sức khỏe')
GO
INSERT [dbo].[DmNHACUNGCAP] ([Ma], [TenNhaCungCap], [DiaChi], [SDT], [GhiChu]) VALUES (N'NCC014', N'Giải Pháp Nhà Thông Minh', N'5 Lý Thường Kiệt, Tây Ninh', N'0955667889', N'Cung cấp các thiết bị nhà thông minh và tự động hóa')
GO
INSERT [dbo].[DmNHACUNGCAP] ([Ma], [TenNhaCungCap], [DiaChi], [SDT], [GhiChu]) VALUES (N'NCC015', N'Đại Lý Thời Trang', N'82 Trần Quang Khải, An Giang', N'0966778990', N'Cung cấp các sản phẩm thời trang cao cấp, quần áo, giày dép')
GO
INSERT [dbo].[DmLOAITIENICH] ([Ma], [TenLoaiTienIch], [Ghichu]) VALUES (N'TI001 ', N'VIP SPA', N'Khu vực spa cao cấp dành cho khách VIP.')
GO
INSERT [dbo].[DmLOAITIENICH] ([Ma], [TenLoaiTienIch], [Ghichu]) VALUES (N'TI002 ', N'Gym & Fitness', N'Phòng gym đầy đủ thiết bị, phục vụ cho các bài tập thể thao.')
GO
INSERT [dbo].[DmLOAITIENICH] ([Ma], [TenLoaiTienIch], [Ghichu]) VALUES (N'TI003 ', N'Hồ bơi', N'Hồ bơi ngoài trời, thích hợp cho các hoạt động thư giãn.')
GO
INSERT [dbo].[DmLOAITIENICH] ([Ma], [TenLoaiTienIch], [Ghichu]) VALUES (N'TI004 ', N'Hội nghị & Sự kiện', N'Phòng tổ chức hội nghị và sự kiện chuyên nghiệp.')
GO
INSERT [dbo].[DmLOAITIENICH] ([Ma], [TenLoaiTienIch], [Ghichu]) VALUES (N'TI005 ', N'Ẩm thực', N'Nhà hàng phục vụ các món ăn đặc sắc, đa dạng văn hóa.')
GO
INSERT [dbo].[DmTIENICH] ([Ma], [MaLoaiTienIch], [MaNhaCungCap], [TenTienIch], [GiaTienIch], [SLTon], [TinhTrang], [GhiChu]) VALUES (N'TI001 ', N'TI001 ', N'NCC001', N'Spa VIP 1', 500000, 2, N'Hoạt động', N'Khu vực spa dành cho khách VIP.')
GO
INSERT [dbo].[DmTIENICH] ([Ma], [MaLoaiTienIch], [MaNhaCungCap], [TenTienIch], [GiaTienIch], [SLTon], [TinhTrang], [GhiChu]) VALUES (N'TI002 ', N'TI001 ', N'NCC001', N'Spa VIP 2', 600000, 2, N'Hoạt động', N'Khu vực spa dành cho khách VIP với dịch vụ đặc biệt.')
GO
INSERT [dbo].[DmTIENICH] ([Ma], [MaLoaiTienIch], [MaNhaCungCap], [TenTienIch], [GiaTienIch], [SLTon], [TinhTrang], [GhiChu]) VALUES (N'TI003 ', N'TI002 ', N'NCC002', N'Phòng Gym', 100000, 2, N'Hoạt động', N'Phòng gym đầy đủ thiết bị thể thao.')
GO
INSERT [dbo].[DmTIENICH] ([Ma], [MaLoaiTienIch], [MaNhaCungCap], [TenTienIch], [GiaTienIch], [SLTon], [TinhTrang], [GhiChu]) VALUES (N'TI004 ', N'TI005 ', N'NCC003', N'BBQ in Garden Suite', 500000, 20, N'Hoạt động', N'Nhà hàng BBQ ngoài trời trong khu vườn, phục vụ các món nướng đặc trưng.')
GO
INSERT [dbo].[DmTIENICH] ([Ma], [MaLoaiTienIch], [MaNhaCungCap], [TenTienIch], [GiaTienIch], [SLTon], [TinhTrang], [GhiChu]) VALUES (N'TI005 ', N'TI005 ', N'NCC004', N'Nhà hàng Rustic', 450000, 15, N'Hoạt động', N'Nhà hàng phong cách Rustic, phục vụ các món ăn đơn giản, gần gũi.')
GO
INSERT [dbo].[DmTIENICH] ([Ma], [MaLoaiTienIch], [MaNhaCungCap], [TenTienIch], [GiaTienIch], [SLTon], [TinhTrang], [GhiChu]) VALUES (N'TI006 ', N'TI005 ', N'NCC004', N'Lobby Cafe & Bar', 350000, 30, N'Hoạt động', N'Nhà hàng kết hợp giữa cà phê và bar, phục vụ đồ uống và các món ăn nhẹ.')
GO
INSERT [dbo].[DmTIENICH] ([Ma], [MaLoaiTienIch], [MaNhaCungCap], [TenTienIch], [GiaTienIch], [SLTon], [TinhTrang], [GhiChu]) VALUES (N'TI007 ', N'TI004 ', N'NCC005', N'Sảnh Classic', 1000000, 1, N'Hoạt động', N'Sảnh tổ chức sự kiện với phong cách cổ điển, thích hợp cho các buổi tiệc cưới và sự kiện lớn.')
GO
INSERT [dbo].[DmTIENICH] ([Ma], [MaLoaiTienIch], [MaNhaCungCap], [TenTienIch], [GiaTienIch], [SLTon], [TinhTrang], [GhiChu]) VALUES (N'TI008 ', N'TI004 ', N'NCC005', N'Sảnh Romance', 1200000, 2, N'Hoạt động', N'Sảnh được thiết kế lãng mạn, phù hợp cho các buổi lễ tình nhân hoặc các sự kiện lãng mạn.')
GO
INSERT [dbo].[DmTIENICH] ([Ma], [MaLoaiTienIch], [MaNhaCungCap], [TenTienIch], [GiaTienIch], [SLTon], [TinhTrang], [GhiChu]) VALUES (N'TI009 ', N'TI004 ', N'NCC006', N'Phòng họp Diamond', 1500000, 2, N'Hoạt động', N'Phòng họp cao cấp với trang thiết bị hiện đại, thích hợp cho các cuộc họp quan trọng.')
GO
INSERT [dbo].[DmTIENICH] ([Ma], [MaLoaiTienIch], [MaNhaCungCap], [TenTienIch], [GiaTienIch], [SLTon], [TinhTrang], [GhiChu]) VALUES (N'TI010 ', N'TI004 ', N'NCC006', N'Phòng họp Đa năng Sapphire', 1800000, 1, N'Hoạt động', N'Phòng họp đa chức năng, phục vụ cho hội nghị, đào tạo và các sự kiện lớn.')
GO
INSERT [dbo].[DmTIENICH] ([Ma], [MaLoaiTienIch], [MaNhaCungCap], [TenTienIch], [GiaTienIch], [SLTon], [TinhTrang], [GhiChu]) VALUES (N'TI011 ', N'TI004 ', N'NCC007', N'Sảnh Gothic', 2000000, 2, N'Hoạt động', N'Sảnh rộng với kiến trúc Gothic, phù hợp cho các buổi tiệc sang trọng và sự kiện hoành tráng.')
GO
INSERT [dbo].[DmTIENICH] ([Ma], [MaLoaiTienIch], [MaNhaCungCap], [TenTienIch], [GiaTienIch], [SLTon], [TinhTrang], [GhiChu]) VALUES (N'TI012 ', N'TI004 ', N'NCC007', N'Sảnh tiệc cưới Gothic', 2200000, 1, N'Hoạt động', N'Sảnh tiệc cưới theo phong cách Gothic, sang trọng và ấn tượng, phù hợp cho các đám cưới cao cấp.')
GO
INSERT [dbo].[DmTIENICH] ([Ma], [MaLoaiTienIch], [MaNhaCungCap], [TenTienIch], [GiaTienIch], [SLTon], [TinhTrang], [GhiChu]) VALUES (N'TI013 ', N'TI004 ', N'NCC008', N'Sảnh tiệc cưới Classic', 2500000, 1, N'Hoạt động', N'Sảnh tiệc cưới mang phong cách cổ điển, thanh lịch, phù hợp với những đám cưới truyền thống.')
GO
INSERT [dbo].[DmTIENICH] ([Ma], [MaLoaiTienIch], [MaNhaCungCap], [TenTienIch], [GiaTienIch], [SLTon], [TinhTrang], [GhiChu]) VALUES (N'TI014 ', N'TI004 ', N'NCC008', N'Sảnh tiệc Romance', 2400000, 1, N'Hoạt động', N'Sảnh tiệc cưới lãng mạn, thích hợp cho các cặp đôi yêu thích không gian lãng mạn trong ngày trọng đại của mình.')
GO
INSERT [dbo].[DmTIENICH] ([Ma], [MaLoaiTienIch], [MaNhaCungCap], [TenTienIch], [GiaTienIch], [SLTon], [TinhTrang], [GhiChu]) VALUES (N'TI015 ', N'TI003 ', N'NCC009', N'Hồ bơi', 500000, 2, N'Hoạt động', N'Khu vực hồ bơi ngoài trời phục vụ cho các hoạt động giải trí và thư giãn.')
GO
INSERT [dbo].[DmTIENICH] ([Ma], [MaLoaiTienIch], [MaNhaCungCap], [TenTienIch], [GiaTienIch], [SLTon], [TinhTrang], [GhiChu]) VALUES (N'TI016 ', N'TI005 ', N'NCC010', N'Family Club', 1500000, 1, N'Hoạt động', N'CLUB dành cho gia đình, nơi các thành viên có thể thư giãn, giải trí và tham gia các hoạt động vui chơi phù hợp với mọi lứa tuổi.')
GO
INSERT [dbo].[CtHOADON] ([MaHoaDon], [MaPhong], [MaTienIch]) VALUES (N'HD001 ', N'PH002 ', N'TI001 ')
GO
INSERT [dbo].[CtHOADON] ([MaHoaDon], [MaPhong], [MaTienIch]) VALUES (N'HD002 ', N'PH005 ', N'TI002 ')
GO
INSERT [dbo].[CtHOADON] ([MaHoaDon], [MaPhong], [MaTienIch]) VALUES (N'HD003 ', N'PH009 ', N'TI003 ')
GO
INSERT [dbo].[CtHOADON] ([MaHoaDon], [MaPhong], [MaTienIch]) VALUES (N'HD004 ', N'PH014 ', N'TI004 ')
GO
INSERT [dbo].[CtHOADON] ([MaHoaDon], [MaPhong], [MaTienIch]) VALUES (N'HD005 ', N'PH018 ', N'TI006 ')
GO
INSERT [dbo].[DmPHIEUNHAPHANG] ([Ma], [MaNhanVien], [NgayNhap], [GhiChu]) VALUES (N'PN001 ', N'NV008 ', CAST(N'2024-01-10T00:00:00.0000000' AS DateTime2), N'Nhập dụng cụ cho SPA và thiết bị mới cho phòng Gym')
GO
INSERT [dbo].[DmPHIEUNHAPHANG] ([Ma], [MaNhanVien], [NgayNhap], [GhiChu]) VALUES (N'PN002 ', N'NV021 ', CAST(N'2024-02-15T00:00:00.0000000' AS DateTime2), N'Nhập vật dụng trang trí và thiết bị cho phòng họp đặc biệt')
GO
INSERT [dbo].[DmPHIEUNHAPHANG] ([Ma], [MaNhanVien], [NgayNhap], [GhiChu]) VALUES (N'PN003 ', N'NV008 ', CAST(N'2024-03-20T00:00:00.0000000' AS DateTime2), N'Nhập thêm thiết bị phòng Gym và khăn cho khách sạn')
GO
INSERT [dbo].[DmPHIEUNHAPHANG] ([Ma], [MaNhanVien], [NgayNhap], [GhiChu]) VALUES (N'PN004 ', N'NV021 ', CAST(N'2024-09-25T00:00:00.0000000' AS DateTime2), N'Nhập bàn ghế và hệ thống âm thanh cho hội nghị lớn')
GO
INSERT [dbo].[DmPHIEUNHAPHANG] ([Ma], [MaNhanVien], [NgayNhap], [GhiChu]) VALUES (N'PN005 ', N'NV008 ', CAST(N'2024-05-01T00:00:00.0000000' AS DateTime2), N'Nhập thiết bị chiếu sáng và âm thanh cho phòng tiệc VIP')
GO
INSERT [dbo].[DmPHIEUNHAPHANG] ([Ma], [MaNhanVien], [NgayNhap], [GhiChu]) VALUES (N'PN006 ', N'NV001 ', CAST(N'2024-12-09T00:07:32.0000000' AS DateTime2), N'NHẬP KHĂN CHO PHÒNG GYM')
GO
INSERT [dbo].[DmPHIEUNHAPHANG] ([Ma], [MaNhanVien], [NgayNhap], [GhiChu]) VALUES (N'PN007 ', N'NV008 ', CAST(N'2024-12-15T00:00:00.0000000' AS DateTime2), N'Nhập vật dụng trang trí')
GO
INSERT [dbo].[CtPHIEUNHAPHANG] ([MaPhieuNhap], [MaTienIch], [SLNhap], [DonGia]) VALUES (N'PN001 ', N'TI001 ', 3, 300000)
GO
INSERT [dbo].[CtPHIEUNHAPHANG] ([MaPhieuNhap], [MaTienIch], [SLNhap], [DonGia]) VALUES (N'PN001 ', N'TI003 ', 5, 200000)
GO
INSERT [dbo].[CtPHIEUNHAPHANG] ([MaPhieuNhap], [MaTienIch], [SLNhap], [DonGia]) VALUES (N'PN001 ', N'TI004 ', 9, 500000)
GO
INSERT [dbo].[CtPHIEUNHAPHANG] ([MaPhieuNhap], [MaTienIch], [SLNhap], [DonGia]) VALUES (N'PN002 ', N'TI002 ', 6, 150000)
GO
INSERT [dbo].[CtPHIEUNHAPHANG] ([MaPhieuNhap], [MaTienIch], [SLNhap], [DonGia]) VALUES (N'PN002 ', N'TI003 ', 4, 200000)
GO
INSERT [dbo].[CtPHIEUNHAPHANG] ([MaPhieuNhap], [MaTienIch], [SLNhap], [DonGia]) VALUES (N'PN003 ', N'TI002 ', 2, 150000)
GO
INSERT [dbo].[CtPHIEUNHAPHANG] ([MaPhieuNhap], [MaTienIch], [SLNhap], [DonGia]) VALUES (N'PN003 ', N'TI004 ', 10, 500000)
GO
INSERT [dbo].[CtPHIEUNHAPHANG] ([MaPhieuNhap], [MaTienIch], [SLNhap], [DonGia]) VALUES (N'PN004 ', N'TI004 ', 7, 500000)
GO
INSERT [dbo].[CtPHIEUNHAPHANG] ([MaPhieuNhap], [MaTienIch], [SLNhap], [DonGia]) VALUES (N'PN005 ', N'TI001 ', 8, 300000)
GO
INSERT [dbo].[CtPHIEUNHAPHANG] ([MaPhieuNhap], [MaTienIch], [SLNhap], [DonGia]) VALUES (N'PN005 ', N'TI005 ', 3, 400000)
GO
INSERT [dbo].[CtPHIEUNHAPHANG] ([MaPhieuNhap], [MaTienIch], [SLNhap], [DonGia]) VALUES (N'PN006 ', N'TI003 ', 20, 18000)
GO
INSERT [dbo].[CtPHIEUNHAPHANG] ([MaPhieuNhap], [MaTienIch], [SLNhap], [DonGia]) VALUES (N'PN007 ', N'TI002 ', 2, 100000)
GO
INSERT [dbo].[CtDATPHONG] ([MaKhachHang], [MaPhong], [SLPhong], [NgayBD], [NgayKT]) VALUES (N'KH001 ', N'PH002 ', 1, CAST(N'2024-01-15T00:00:00.0000000' AS DateTime2), CAST(N'2024-01-17T00:00:00.0000000' AS DateTime2))
GO
INSERT [dbo].[CtDATPHONG] ([MaKhachHang], [MaPhong], [SLPhong], [NgayBD], [NgayKT]) VALUES (N'KH003 ', N'PH005 ', 1, CAST(N'2024-02-10T00:00:00.0000000' AS DateTime2), CAST(N'2024-02-12T00:00:00.0000000' AS DateTime2))
GO
INSERT [dbo].[CtDATPHONG] ([MaKhachHang], [MaPhong], [SLPhong], [NgayBD], [NgayKT]) VALUES (N'KH004 ', N'PH009 ', 1, CAST(N'2024-03-05T00:00:00.0000000' AS DateTime2), CAST(N'2024-03-07T00:00:00.0000000' AS DateTime2))
GO
INSERT [dbo].[CtDATPHONG] ([MaKhachHang], [MaPhong], [SLPhong], [NgayBD], [NgayKT]) VALUES (N'KH005 ', N'PH014 ', 1, CAST(N'2024-04-10T00:00:00.0000000' AS DateTime2), CAST(N'2024-04-12T00:00:00.0000000' AS DateTime2))
GO
INSERT [dbo].[CtDATPHONG] ([MaKhachHang], [MaPhong], [SLPhong], [NgayBD], [NgayKT]) VALUES (N'KH006 ', N'PH018 ', 1, CAST(N'2024-05-15T00:00:00.0000000' AS DateTime2), CAST(N'2024-05-17T00:00:00.0000000' AS DateTime2))
GO
INSERT [dbo].[CtDATTIENICH] ([MaKhachHang], [MaTienIch], [SL], [NgaySD]) VALUES (N'KH001 ', N'TI001 ', 1, CAST(N'2024-01-15T00:00:00.0000000' AS DateTime2))
GO
INSERT [dbo].[CtDATTIENICH] ([MaKhachHang], [MaTienIch], [SL], [NgaySD]) VALUES (N'KH003 ', N'TI002 ', 1, CAST(N'2024-02-10T00:00:00.0000000' AS DateTime2))
GO
INSERT [dbo].[CtDATTIENICH] ([MaKhachHang], [MaTienIch], [SL], [NgaySD]) VALUES (N'KH004 ', N'TI003 ', 2, CAST(N'2024-03-06T00:00:00.0000000' AS DateTime2))
GO
INSERT [dbo].[CtDATTIENICH] ([MaKhachHang], [MaTienIch], [SL], [NgaySD]) VALUES (N'KH005 ', N'TI004 ', 1, CAST(N'2024-04-11T00:00:00.0000000' AS DateTime2))
GO
INSERT [dbo].[CtDATTIENICH] ([MaKhachHang], [MaTienIch], [SL], [NgaySD]) VALUES (N'KH005 ', N'TI005 ', 1, CAST(N'2024-04-20T00:00:00.0000000' AS DateTime2))
GO
INSERT [dbo].[CtDATTIENICH] ([MaKhachHang], [MaTienIch], [SL], [NgaySD]) VALUES (N'KH006 ', N'TI006 ', 1, CAST(N'2024-05-16T00:00:00.0000000' AS DateTime2))
GO
INSERT [dbo].[DmGIAPHONG] ([Ma], [MaLoaiPhong], [NgayApDung], [Gia], [GhiChu]) VALUES (N'GP001 ', N'LP001 ', CAST(N'2024-11-14T00:00:00.0000000' AS DateTime2), 2700000, N'Giá tiêu chuẩn cho phòng Deluxe Double')
GO
INSERT [dbo].[DmGIAPHONG] ([Ma], [MaLoaiPhong], [NgayApDung], [Gia], [GhiChu]) VALUES (N'GP002 ', N'LP002 ', CAST(N'2024-11-14T00:00:00.0000000' AS DateTime2), 3000000, N'Giá tiêu chuẩn cho phòng Deluxe Twin')
GO
INSERT [dbo].[DmGIAPHONG] ([Ma], [MaLoaiPhong], [NgayApDung], [Gia], [GhiChu]) VALUES (N'GP003 ', N'LP003 ', CAST(N'2024-11-14T00:00:00.0000000' AS DateTime2), 3500000, N'Giá tiêu chuẩn cho phòng Deluxe Triple')
GO
INSERT [dbo].[DmGIAPHONG] ([Ma], [MaLoaiPhong], [NgayApDung], [Gia], [GhiChu]) VALUES (N'GP004 ', N'LP004 ', CAST(N'2024-11-14T00:00:00.0000000' AS DateTime2), 4000000, N'Giá tiêu chuẩn cho phòng Deluxe Family')
GO
INSERT [dbo].[DmGIAPHONG] ([Ma], [MaLoaiPhong], [NgayApDung], [Gia], [GhiChu]) VALUES (N'GP005 ', N'LP005 ', CAST(N'2024-11-14T00:00:00.0000000' AS DateTime2), 6000000, N'Giá tiêu chuẩn cho phòng Executive Suite')
GO
INSERT [dbo].[DmGIAPHONG] ([Ma], [MaLoaiPhong], [NgayApDung], [Gia], [GhiChu]) VALUES (N'GP006 ', N'LP006 ', CAST(N'2024-11-14T00:00:00.0000000' AS DateTime2), 7000000, N'Giá tiêu chuẩn cho phòng Garden Grand Suite')
GO
INSERT [dbo].[DmGIAPHONG] ([Ma], [MaLoaiPhong], [NgayApDung], [Gia], [GhiChu]) VALUES (N'GP007 ', N'LP007 ', CAST(N'2024-11-14T00:00:00.0000000' AS DateTime2), 8000000, N'Giá tiêu chuẩn cho phòng Luxury Grand Suite')
GO
INSERT [dbo].[DmGIAPHONG] ([Ma], [MaLoaiPhong], [NgayApDung], [Gia], [GhiChu]) VALUES (N'GP008 ', N'LP008 ', CAST(N'2024-11-14T00:00:00.0000000' AS DateTime2), 12000000, N'Giá tiêu chuẩn cho phòng President Suite')
GO
INSERT [dbo].[DmTAIKHOAN] ([Username], [Password], [MaNhanVien]) VALUES (N'user001', N'pass1234', N'NV001 ')
GO
INSERT [dbo].[DmTAIKHOAN] ([Username], [Password], [MaNhanVien]) VALUES (N'user002', N'pass1234', N'NV002 ')
GO
INSERT [dbo].[DmTAIKHOAN] ([Username], [Password], [MaNhanVien]) VALUES (N'user003', N'pass1234', N'NV003 ')
GO
INSERT [dbo].[DmTAIKHOAN] ([Username], [Password], [MaNhanVien]) VALUES (N'user004', N'pass1234', N'NV004 ')
GO
INSERT [dbo].[DmTAIKHOAN] ([Username], [Password], [MaNhanVien]) VALUES (N'user005', N'pass1234', N'NV005 ')
GO
INSERT [dbo].[DmTAIKHOAN] ([Username], [Password], [MaNhanVien]) VALUES (N'user006', N'pass1234', N'NV006 ')
GO
INSERT [dbo].[DmTAIKHOAN] ([Username], [Password], [MaNhanVien]) VALUES (N'user007', N'pass1234', N'NV007 ')
GO
INSERT [dbo].[DmTAIKHOAN] ([Username], [Password], [MaNhanVien]) VALUES (N'user008', N'pass1234', N'NV008 ')
GO
INSERT [dbo].[DmTAIKHOAN] ([Username], [Password], [MaNhanVien]) VALUES (N'user009', N'pass1234', N'NV009 ')
GO
INSERT [dbo].[DmTAIKHOAN] ([Username], [Password], [MaNhanVien]) VALUES (N'user010', N'pass1234', N'NV010 ')
GO
INSERT [dbo].[DmTAIKHOAN] ([Username], [Password], [MaNhanVien]) VALUES (N'user011', N'pass1234', N'NV011 ')
GO
INSERT [dbo].[DmTAIKHOAN] ([Username], [Password], [MaNhanVien]) VALUES (N'user012', N'pass1234', N'NV012 ')
GO
INSERT [dbo].[DmTAIKHOAN] ([Username], [Password], [MaNhanVien]) VALUES (N'user013', N'pass1234', N'NV013 ')
GO
INSERT [dbo].[DmTAIKHOAN] ([Username], [Password], [MaNhanVien]) VALUES (N'user014', N'pass1234', N'NV014 ')
GO
INSERT [dbo].[DmTAIKHOAN] ([Username], [Password], [MaNhanVien]) VALUES (N'user015', N'pass1234', N'NV015 ')
GO
INSERT [dbo].[DmTAIKHOAN] ([Username], [Password], [MaNhanVien]) VALUES (N'user016', N'pass1234', N'NV016 ')
GO
INSERT [dbo].[DmTAIKHOAN] ([Username], [Password], [MaNhanVien]) VALUES (N'user017', N'pass1234', N'NV017 ')
GO
INSERT [dbo].[DmTAIKHOAN] ([Username], [Password], [MaNhanVien]) VALUES (N'user018', N'pass1234', N'NV018 ')
GO
INSERT [dbo].[DmTAIKHOAN] ([Username], [Password], [MaNhanVien]) VALUES (N'user019', N'pass1234', N'NV019 ')
GO
INSERT [dbo].[DmTAIKHOAN] ([Username], [Password], [MaNhanVien]) VALUES (N'user020', N'pass1234', N'NV020 ')
GO
INSERT [dbo].[DmTAIKHOAN] ([Username], [Password], [MaNhanVien]) VALUES (N'user021', N'pass1234', N'NV021 ')
GO
INSERT [dbo].[DmLOAICHIPHI] ([Ma], [TenLoaiCP], [GhiChu]) VALUES (N'CP01  ', N'Chi phí nhập hàng', NULL)
GO
INSERT [dbo].[DmLOAICHIPHI] ([Ma], [TenLoaiCP], [GhiChu]) VALUES (N'CP02  ', N'Chi phí điện, nước', NULL)
GO
INSERT [dbo].[DmLOAICHIPHI] ([Ma], [TenLoaiCP], [GhiChu]) VALUES (N'CP03  ', N'Chi phí sửa chữa, bảo trì', NULL)
GO
INSERT [dbo].[DmLOAICHIPHI] ([Ma], [TenLoaiCP], [GhiChu]) VALUES (N'CP04  ', N'Chi phí nhiên liệu', NULL)
GO
INSERT [dbo].[DmCHIPHI] ([Ma], [MaLoaiChiPhi], [MaPhieuNhap], [NgayGhiNhan], [GhiChu], [TongTien]) VALUES (N'001   ', N'CP01  ', N'PN001 ', CAST(N'2024-01-10T00:00:00.0000000' AS DateTime2), NULL, 6400000)
GO
INSERT [dbo].[DmCHIPHI] ([Ma], [MaLoaiChiPhi], [MaPhieuNhap], [NgayGhiNhan], [GhiChu], [TongTien]) VALUES (N'002   ', N'CP01  ', N'PN002 ', CAST(N'2024-02-15T00:00:00.0000000' AS DateTime2), NULL, 1700000)
GO
INSERT [dbo].[DmCHIPHI] ([Ma], [MaLoaiChiPhi], [MaPhieuNhap], [NgayGhiNhan], [GhiChu], [TongTien]) VALUES (N'003   ', N'CP01  ', N'PN003 ', CAST(N'2024-03-20T00:00:00.0000000' AS DateTime2), NULL, 5300000)
GO
INSERT [dbo].[DmCHIPHI] ([Ma], [MaLoaiChiPhi], [MaPhieuNhap], [NgayGhiNhan], [GhiChu], [TongTien]) VALUES (N'004   ', N'CP01  ', N'PN004 ', CAST(N'2024-04-25T00:00:00.0000000' AS DateTime2), NULL, 3500000)
GO
INSERT [dbo].[DmCHIPHI] ([Ma], [MaLoaiChiPhi], [MaPhieuNhap], [NgayGhiNhan], [GhiChu], [TongTien]) VALUES (N'005   ', N'CP01  ', N'PN005 ', CAST(N'2024-05-30T00:00:00.0000000' AS DateTime2), NULL, 3600000)
GO
INSERT [dbo].[DmCHIPHI] ([Ma], [MaLoaiChiPhi], [MaPhieuNhap], [NgayGhiNhan], [GhiChu], [TongTien]) VALUES (N'006   ', N'CP02  ', NULL, CAST(N'2024-06-05T00:00:00.0000000' AS DateTime2), N'Chi phí điện nước cho các phòng họp trong tháng', 10000000)
GO
INSERT [dbo].[DmCHIPHI] ([Ma], [MaLoaiChiPhi], [MaPhieuNhap], [NgayGhiNhan], [GhiChu], [TongTien]) VALUES (N'007   ', N'CP04  ', NULL, CAST(N'2024-07-10T00:00:00.0000000' AS DateTime2), N'Chi phí nhiên liệu cho xe đưa đón khách hàng', 5000000)
GO
INSERT [dbo].[DmCHIPHI] ([Ma], [MaLoaiChiPhi], [MaPhieuNhap], [NgayGhiNhan], [GhiChu], [TongTien]) VALUES (N'008   ', N'CP01  ', NULL, CAST(N'2024-08-15T00:00:00.0000000' AS DateTime2), N'Chi phí thực phẩm cho sự kiện tổ chức ngoài trời', 8000000)
GO
INSERT [dbo].[DmCHIPHI] ([Ma], [MaLoaiChiPhi], [MaPhieuNhap], [NgayGhiNhan], [GhiChu], [TongTien]) VALUES (N'009   ', N'CP01  ', NULL, CAST(N'2024-09-20T00:00:00.0000000' AS DateTime2), N'Chi phí thuê thiết bị âm thanh cho hội nghị', 3500000)
GO
INSERT [dbo].[DmCHIPHI] ([Ma], [MaLoaiChiPhi], [MaPhieuNhap], [NgayGhiNhan], [GhiChu], [TongTien]) VALUES (N'010   ', N'CP03  ', NULL, CAST(N'2024-10-05T00:00:00.0000000' AS DateTime2), N'Chi phí bảo trì và sửa chữa máy móc cho phòng Gym', 7000000)
GO
INSERT [dbo].[DmCHIPHI] ([Ma], [MaLoaiChiPhi], [MaPhieuNhap], [NgayGhiNhan], [GhiChu], [TongTien]) VALUES (N'011   ', N'CP01  ', N'PN007 ', CAST(N'2024-12-15T00:00:00.0000000' AS DateTime2), NULL, 200000)
GO
